<prezi xsi:schemaLocation="http://prezi.com/schema/prezi/2 http://prezi.com/schema/prezi/2" xmlns:xsi="http://www.w3.org/2001/XMLSchema-instance" version="2" xmlns="http://prezi.com/schema/prezi/2"><xFields><xField name="preziType"><xEnum type="PreziType" value="converted-from-core"/></xField></xFields><documentStyle><documentStyle><fontClasses><array><fontClass><fontFamily><string value="Arsenal"/></fontFamily><name><string value="body"/></name></fontClass><fontClass><fontFamily><string value="Orbitron"/></fontFamily><name><string value="custom-orbitron"/></name></fontClass><fontClass><fontFamily><string value="Arsenal"/></fontFamily><fontWeight><fontWeight value="bold"/></fontWeight><name><string value="head"/></name></fontClass><fontClass><fontFamily><string value="Arsenal"/></fontFamily><fontStyle><fontStyle value="italic"/></fontStyle><fontWeight><fontWeight value="bold"/></fontWeight><name><string value="strong"/></name></fontClass></array></fontClasses><fontFamilies><array><fontFamily><fontFaces><array><fontFace><fontSrc><string value="Arsenal-Regular.keg"/></fontSrc></fontFace><fontFace><fontSrc><string value="Arsenal-Bold.keg"/></fontSrc><fontWeight><fontWeight value="bold"/></fontWeight></fontFace><fontFace><fontSrc><string value="Arsenal-BoldItalic.keg"/></fontSrc><fontStyle><fontStyle value="italic"/></fontStyle><fontWeight><fontWeight value="bold"/></fontWeight></fontFace><fontFace><fontSrc><string value="Arsenal-Italic.keg"/></fontSrc><fontStyle><fontStyle value="italic"/></fontStyle></fontFace></array></fontFaces><name><string value="Arsenal"/></name></fontFamily><fontFamily><fontFaces><array><fontFace><fontSrc><string value="Orbitron-Regular.keg"/></fontSrc></fontFace><fontFace><fontSrc><string value="Orbitron-Bold.keg"/></fontSrc><fontWeight><fontWeight value="bold"/></fontWeight></fontFace></array></fontFaces><name><string value="Orbitron"/></name></fontFamily></array></fontFamilies><styleDeclarations><array><styleDeclaration><styleBlock><styleBlock><gradEndAlpha><double value="0.7"/></gradEndAlpha><gradStartAlpha><double value="0.5"/></gradStartAlpha></styleBlock></styleBlock><styleSelector><simpleSelector value="zCircle"/></styleSelector></styleDeclaration><styleDeclaration><styleBlock><styleBlock><color><color value="#768242"/></color><gradEndColor><color value="#768242"/></gradEndColor><gradStartColor><color value="#768242"/></gradStartColor><fillType><fillType value="linear"/></fillType></styleBlock></styleBlock><styleSelector><simpleSelector value="*.line1"/></styleSelector></styleDeclaration><styleDeclaration><styleBlock><styleBlock><color><color value="#ABB94A"/></color><gradEndColor><color value="#ABB94A"/></gradEndColor><gradStartColor><color value="#ABB94A"/></gradStartColor><fillType><fillType value="linear"/></fillType></styleBlock></styleBlock><styleSelector><simpleSelector value="*.line2"/></styleSelector></styleDeclaration><styleDeclaration><styleBlock><styleBlock><color><color value="#E3F251"/></color><gradEndColor><color value="#E3F251"/></gradEndColor><gradStartColor><color value="#E3F251"/></gradStartColor><fillType><fillType value="linear"/></fillType></styleBlock></styleBlock><styleSelector><simpleSelector value="*.line3"/></styleSelector></styleDeclaration><styleDeclaration><styleBlock><styleBlock><color><color value="#F7FF44"/></color><gradEndColor><color value="#F7FF44"/></gradEndColor><gradStartColor><color value="#F7FF44"/></gradStartColor><fillType><fillType value="linear"/></fillType></styleBlock></styleBlock><styleSelector><simpleSelector value="*.line4"/></styleSelector></styleDeclaration><styleDeclaration><styleBlock><styleBlock><color><color value="#F9FF87"/></color><gradEndColor><color value="#F9FF87"/></gradEndColor><gradStartColor><color value="#F9FF87"/></gradStartColor><fillType><fillType value="linear"/></fillType></styleBlock></styleBlock><styleSelector><simpleSelector value="*.line5"/></styleSelector></styleDeclaration><styleDeclaration><styleBlock><styleBlock><color><color value="#3D321F"/></color><gradEndColor><color value="#768242"/></gradEndColor><gradStartColor><color value="#768242"/></gradStartColor><fillType><fillType value="linear"/></fillType><borderThickness><double value="0"/></borderThickness></styleBlock></styleBlock><styleSelector><simpleSelector value="*.poly1"/></styleSelector></styleDeclaration><styleDeclaration><styleBlock><styleBlock><color><color value="#3D321F"/></color><gradEndColor><color value="#ABB94A"/></gradEndColor><gradStartColor><color value="#ABB94A"/></gradStartColor><fillType><fillType value="linear"/></fillType><borderThickness><double value="0"/></borderThickness></styleBlock></styleBlock><styleSelector><simpleSelector value="*.poly2"/></styleSelector></styleDeclaration><styleDeclaration><styleBlock><styleBlock><color><color value="#3D321F"/></color><gradEndColor><color value="#E3F251"/></gradEndColor><gradStartColor><color value="#E3F251"/></gradStartColor><fillType><fillType value="linear"/></fillType><borderThickness><double value="0"/></borderThickness></styleBlock></styleBlock><styleSelector><simpleSelector value="*.poly3"/></styleSelector></styleDeclaration><styleDeclaration><styleBlock><styleBlock><color><color value="#3D321F"/></color><gradEndColor><color value="#F7FF44"/></gradEndColor><gradStartColor><color value="#F7FF44"/></gradStartColor><fillType><fillType value="linear"/></fillType><borderThickness><double value="0"/></borderThickness></styleBlock></styleBlock><styleSelector><simpleSelector value="*.poly4"/></styleSelector></styleDeclaration><styleDeclaration><styleBlock><styleBlock><color><color value="#3D321F"/></color><gradEndColor><color value="#F9FF87"/></gradEndColor><gradStartColor><color value="#F9FF87"/></gradStartColor><fillType><fillType value="linear"/></fillType><borderThickness><double value="0"/></borderThickness></styleBlock></styleBlock><styleSelector><simpleSelector value="*.poly5"/></styleSelector></styleDeclaration><styleDeclaration><styleBlock><styleBlock><gradEndColor><color value="#3D321F"/></gradEndColor><gradStartColor><color value="#3D321F"/></gradStartColor><fillType><fillType value="linear"/></fillType></styleBlock></styleBlock><styleSelector><simpleSelector value="background"/></styleSelector></styleDeclaration><styleDeclaration><styleBlock><styleBlock><gradEndAlpha><double value="1"/></gradEndAlpha><gradStartAlpha><double value="1"/></gradStartAlpha></styleBlock></styleBlock><styleSelector><simpleSelector value="zArrow"/></styleSelector></styleDeclaration><styleDeclaration><styleBlock><styleBlock><gradEndAlpha><double value="1"/></gradEndAlpha><gradStartAlpha><double value="1"/></gradStartAlpha><borderAlpha><double value="0"/></borderAlpha><radius><double value="0"/></radius><thickness><double value="100"/></thickness></styleBlock></styleBlock><styleSelector><simpleSelector value="zCircle"/></styleSelector></styleDeclaration><styleDeclaration><styleBlock><styleBlock><color><color value="#000000"/></color></styleBlock></styleBlock><styleSelector><simpleSelector value="zPencil"/></styleSelector></styleDeclaration><styleDeclaration><styleBlock><styleBlock><gradEndAlpha><double value="1"/></gradEndAlpha><gradEndColor><color value="#758346"/></gradEndColor><gradStartAlpha><double value="1"/></gradStartAlpha><gradStartColor><color value="#758346"/></gradStartColor><fillType><fillType value="linear"/></fillType><padding><double value="1.03"/></padding><thickness><double value="5"/></thickness></styleBlock></styleBlock><styleSelector><simpleSelector value="zBracketFrame"/></styleSelector></styleDeclaration><styleDeclaration><styleBlock><styleBlock><gradEndAlpha><double value="1"/></gradEndAlpha><gradEndColor><color value="#AABB53"/></gradEndColor><gradStartAlpha><double value="1"/></gradStartAlpha><gradStartColor><color value="#AABB53"/></gradStartColor><fillType><fillType value="linear"/></fillType><padding><double value="1.03"/></padding><thickness><double value="5"/></thickness></styleBlock></styleBlock><styleSelector><simpleSelector value="zCircleFrame"/></styleSelector></styleDeclaration><styleDeclaration><styleBlock><styleBlock><gradEndAlpha><double value="0.6"/></gradEndAlpha><gradEndColor><color value="#768242"/></gradEndColor><gradStartAlpha><double value="0.6"/></gradStartAlpha><gradStartColor><color value="#768242"/></gradStartColor><fillType><fillType value="linear"/></fillType><borderAlpha><double value="1"/></borderAlpha><borderColor><color value="#768242"/></borderColor><borderThickness><double value="5"/></borderThickness><padding><double value="1.03"/></padding><radius><double value="1"/></radius></styleBlock></styleBlock><styleSelector><simpleSelector value="zRectangleFrame"/></styleSelector></styleDeclaration><styleDeclaration><styleBlock><styleBlock><padding><double value="1.2"/></padding></styleBlock></styleBlock><styleSelector><simpleSelector value="zText"/></styleSelector></styleDeclaration><styleDeclaration><styleBlock><styleBlock><color><color value="#FFFFFF"/></color><fontClass><string value="body"/></fontClass></styleBlock></styleBlock><styleSelector><simpleSelector value="zText.body"/></styleSelector></styleDeclaration><styleDeclaration><styleBlock><styleBlock><backgroundAlpha><double value="0.5"/></backgroundAlpha><backgroundColor><color value="#768242"/></backgroundColor><backgroundPadding><double value="5"/></backgroundPadding></styleBlock></styleBlock><styleSelector><simpleSelector value="zText.body-background"/></styleSelector></styleDeclaration><styleDeclaration><styleBlock><styleBlock><color><color value="#FFFFFF"/></color><fontClass><string value="head"/></fontClass></styleBlock></styleBlock><styleSelector><simpleSelector value="zText.title"/></styleSelector></styleDeclaration><styleDeclaration><styleBlock><styleBlock><backgroundAlpha><double value="0.7"/></backgroundAlpha><backgroundColor><color value="#C4D146"/></backgroundColor><backgroundPadding><double value="5"/></backgroundPadding></styleBlock></styleBlock><styleSelector><simpleSelector value="zText.title-background"/></styleSelector></styleDeclaration><styleDeclaration><styleBlock><styleBlock><color><color value="#CE96FF"/></color><fontClass><string value="strong"/></fontClass></styleBlock></styleBlock><styleSelector><simpleSelector value="zText.subtitle"/></styleSelector></styleDeclaration><styleDeclaration><styleBlock><styleBlock><backgroundAlpha><double value="0.7"/></backgroundAlpha><backgroundColor><color value="#768242"/></backgroundColor><backgroundPadding><double value="5"/></backgroundPadding></styleBlock></styleBlock><styleSelector><simpleSelector value="zText.subtitle-background"/></styleSelector></styleDeclaration><styleDeclaration><styleBlock><styleBlock><color><color value="#333333"/></color></styleBlock></styleBlock><styleSelector><simpleSelector value="zLine"/></styleSelector></styleDeclaration><styleDeclaration><styleBlock><styleBlock><color><color value="#CE96FF"/></color><alpha><double value="0.65"/></alpha></styleBlock></styleBlock><styleSelector><simpleSelector value="zMarker"/></styleSelector></styleDeclaration><styleDeclaration><styleBlock><styleBlock><gradEndAlpha><double value="1"/></gradEndAlpha><gradStartAlpha><double value="1"/></gradStartAlpha><borderAlpha><double value="0"/></borderAlpha><radius><double value="0"/></radius><thickness><double value="100"/></thickness></styleBlock></styleBlock><styleSelector><simpleSelector value="zTriangle"/></styleSelector></styleDeclaration><styleDeclaration><styleBlock><styleBlock><gradEndAlpha><double value="1"/></gradEndAlpha><gradStartAlpha><double value="1"/></gradStartAlpha><borderAlpha><double value="0"/></borderAlpha><radius><double value="0"/></radius><thickness><double value="100"/></thickness></styleBlock></styleBlock><styleSelector><simpleSelector value="zSquare"/></styleSelector></styleDeclaration><styleDeclaration><styleBlock><styleBlock><fontClass><string value="custom-orbitron"/></fontClass></styleBlock></styleBlock><styleSelector><simpleSelector value="#0_30863873"/></styleSelector></styleDeclaration><styleDeclaration><styleBlock><styleBlock><borderColor><color value="#3D321F"/></borderColor></styleBlock></styleBlock><styleSelector><simpleSelector value="#100_13696309"/></styleSelector></styleDeclaration><styleDeclaration><styleBlock><styleBlock><borderColor><color value="#3D321F"/></borderColor></styleBlock></styleBlock><styleSelector><simpleSelector value="#101_13696309"/></styleSelector></styleDeclaration><styleDeclaration><styleBlock><styleBlock><borderColor><color value="#3D321F"/></borderColor></styleBlock></styleBlock><styleSelector><simpleSelector value="#103_13696309"/></styleSelector></styleDeclaration><styleDeclaration><styleBlock><styleBlock><borderColor><color value="#3D321F"/></borderColor></styleBlock></styleBlock><styleSelector><simpleSelector value="#104_13696309"/></styleSelector></styleDeclaration><styleDeclaration><styleBlock><styleBlock><borderColor><color value="#3D321F"/></borderColor></styleBlock></styleBlock><styleSelector><simpleSelector value="#105_13696309"/></styleSelector></styleDeclaration><styleDeclaration><styleBlock><styleBlock><borderColor><color value="#3D321F"/></borderColor></styleBlock></styleBlock><styleSelector><simpleSelector value="#106_13696309"/></styleSelector></styleDeclaration><styleDeclaration><styleBlock><styleBlock><borderColor><color value="#3D321F"/></borderColor></styleBlock></styleBlock><styleSelector><simpleSelector value="#108_13696309"/></styleSelector></styleDeclaration><styleDeclaration><styleBlock><styleBlock><borderColor><color value="#3D321F"/></borderColor></styleBlock></styleBlock><styleSelector><simpleSelector value="#109_13696309"/></styleSelector></styleDeclaration><styleDeclaration><styleBlock><styleBlock><borderColor><color value="#3D321F"/></borderColor></styleBlock></styleBlock><styleSelector><simpleSelector value="#111_13696309"/></styleSelector></styleDeclaration><styleDeclaration><styleBlock><styleBlock><borderColor><color value="#3D321F"/></borderColor></styleBlock></styleBlock><styleSelector><simpleSelector value="#112_13696309"/></styleSelector></styleDeclaration><styleDeclaration><styleBlock><styleBlock><borderColor><color value="#3D321F"/></borderColor></styleBlock></styleBlock><styleSelector><simpleSelector value="#113_13696309"/></styleSelector></styleDeclaration><styleDeclaration><styleBlock><styleBlock><borderColor><color value="#3D321F"/></borderColor></styleBlock></styleBlock><styleSelector><simpleSelector value="#114_13696309"/></styleSelector></styleDeclaration><styleDeclaration><styleBlock><styleBlock><borderColor><color value="#3D321F"/></borderColor></styleBlock></styleBlock><styleSelector><simpleSelector value="#115_13696309"/></styleSelector></styleDeclaration><styleDeclaration><styleBlock><styleBlock><borderColor><color value="#3D321F"/></borderColor></styleBlock></styleBlock><styleSelector><simpleSelector value="#116_13696309"/></styleSelector></styleDeclaration><styleDeclaration><styleBlock><styleBlock><borderColor><color value="#3D321F"/></borderColor></styleBlock></styleBlock><styleSelector><simpleSelector value="#117_13696309"/></styleSelector></styleDeclaration><styleDeclaration><styleBlock><styleBlock><borderColor><color value="#3D321F"/></borderColor></styleBlock></styleBlock><styleSelector><simpleSelector value="#118_13696309"/></styleSelector></styleDeclaration><styleDeclaration><styleBlock><styleBlock><borderColor><color value="#3D321F"/></borderColor></styleBlock></styleBlock><styleSelector><simpleSelector value="#120_13696309"/></styleSelector></styleDeclaration><styleDeclaration><styleBlock><styleBlock><fontClass><string value="custom-orbitron"/></fontClass></styleBlock></styleBlock><styleSelector><simpleSelector value="#12_13696309"/></styleSelector></styleDeclaration><styleDeclaration><styleBlock><styleBlock><fontClass><string value="custom-orbitron"/></fontClass></styleBlock></styleBlock><styleSelector><simpleSelector value="#20_13696309"/></styleSelector></styleDeclaration><styleDeclaration><styleBlock><styleBlock><fontClass><string value="custom-orbitron"/></fontClass></styleBlock></styleBlock><styleSelector><simpleSelector value="#22_13696309"/></styleSelector></styleDeclaration><styleDeclaration><styleBlock><styleBlock><fontClass><string value="custom-orbitron"/></fontClass></styleBlock></styleBlock><styleSelector><simpleSelector value="#23_13696309"/></styleSelector></styleDeclaration><styleDeclaration><styleBlock><styleBlock><fontClass><string value="custom-orbitron"/></fontClass></styleBlock></styleBlock><styleSelector><simpleSelector value="#26_13696309"/></styleSelector></styleDeclaration><styleDeclaration><styleBlock><styleBlock><fontClass><string value="custom-orbitron"/></fontClass></styleBlock></styleBlock><styleSelector><simpleSelector value="#32_13696309"/></styleSelector></styleDeclaration><styleDeclaration><styleBlock><styleBlock><fontClass><string value="custom-orbitron"/></fontClass></styleBlock></styleBlock><styleSelector><simpleSelector value="#34_13696309"/></styleSelector></styleDeclaration><styleDeclaration><styleBlock><styleBlock><fontClass><string value="custom-orbitron"/></fontClass></styleBlock></styleBlock><styleSelector><simpleSelector value="#35_13696309"/></styleSelector></styleDeclaration><styleDeclaration><styleBlock><styleBlock><borderColor><color value="#3D321F"/></borderColor></styleBlock></styleBlock><styleSelector><simpleSelector value="#74_13696309"/></styleSelector></styleDeclaration><styleDeclaration><styleBlock><styleBlock><borderColor><color value="#3D321F"/></borderColor></styleBlock></styleBlock><styleSelector><simpleSelector value="#75_13696309"/></styleSelector></styleDeclaration><styleDeclaration><styleBlock><styleBlock><borderColor><color value="#3D321F"/></borderColor></styleBlock></styleBlock><styleSelector><simpleSelector value="#76_13696309"/></styleSelector></styleDeclaration><styleDeclaration><styleBlock><styleBlock><borderColor><color value="#3D321F"/></borderColor></styleBlock></styleBlock><styleSelector><simpleSelector value="#77_13696309"/></styleSelector></styleDeclaration><styleDeclaration><styleBlock><styleBlock><borderColor><color value="#3D321F"/></borderColor></styleBlock></styleBlock><styleSelector><simpleSelector value="#78_13696309"/></styleSelector></styleDeclaration><styleDeclaration><styleBlock><styleBlock><borderColor><color value="#3D321F"/></borderColor></styleBlock></styleBlock><styleSelector><simpleSelector value="#79_13696309"/></styleSelector></styleDeclaration><styleDeclaration><styleBlock><styleBlock><borderColor><color value="#3D321F"/></borderColor></styleBlock></styleBlock><styleSelector><simpleSelector value="#80_13696309"/></styleSelector></styleDeclaration><styleDeclaration><styleBlock><styleBlock><borderColor><color value="#3D321F"/></borderColor></styleBlock></styleBlock><styleSelector><simpleSelector value="#81_13696309"/></styleSelector></styleDeclaration><styleDeclaration><styleBlock><styleBlock><borderColor><color value="#3D321F"/></borderColor></styleBlock></styleBlock><styleSelector><simpleSelector value="#83_13696309"/></styleSelector></styleDeclaration><styleDeclaration><styleBlock><styleBlock><borderColor><color value="#3D321F"/></borderColor></styleBlock></styleBlock><styleSelector><simpleSelector value="#84_13696309"/></styleSelector></styleDeclaration><styleDeclaration><styleBlock><styleBlock><borderColor><color value="#3D321F"/></borderColor></styleBlock></styleBlock><styleSelector><simpleSelector value="#85_13696309"/></styleSelector></styleDeclaration><styleDeclaration><styleBlock><styleBlock><borderColor><color value="#3D321F"/></borderColor></styleBlock></styleBlock><styleSelector><simpleSelector value="#86_13696309"/></styleSelector></styleDeclaration><styleDeclaration><styleBlock><styleBlock><borderColor><color value="#3D321F"/></borderColor></styleBlock></styleBlock><styleSelector><simpleSelector value="#87_13696309"/></styleSelector></styleDeclaration><styleDeclaration><styleBlock><styleBlock><borderColor><color value="#3D321F"/></borderColor></styleBlock></styleBlock><styleSelector><simpleSelector value="#88_13696309"/></styleSelector></styleDeclaration><styleDeclaration><styleBlock><styleBlock><borderColor><color value="#3D321F"/></borderColor></styleBlock></styleBlock><styleSelector><simpleSelector value="#89_13696309"/></styleSelector></styleDeclaration><styleDeclaration><styleBlock><styleBlock><borderColor><color value="#3D321F"/></borderColor></styleBlock></styleBlock><styleSelector><simpleSelector value="#91_13696309"/></styleSelector></styleDeclaration><styleDeclaration><styleBlock><styleBlock><borderColor><color value="#3D321F"/></borderColor></styleBlock></styleBlock><styleSelector><simpleSelector value="#92_13696309"/></styleSelector></styleDeclaration><styleDeclaration><styleBlock><styleBlock><borderColor><color value="#3D321F"/></borderColor></styleBlock></styleBlock><styleSelector><simpleSelector value="#93_13696309"/></styleSelector></styleDeclaration><styleDeclaration><styleBlock><styleBlock><borderColor><color value="#3D321F"/></borderColor></styleBlock></styleBlock><styleSelector><simpleSelector value="#95_13696309"/></styleSelector></styleDeclaration><styleDeclaration><styleBlock><styleBlock><borderColor><color value="#3D321F"/></borderColor></styleBlock></styleBlock><styleSelector><simpleSelector value="#96_13696309"/></styleSelector></styleDeclaration><styleDeclaration><styleBlock><styleBlock><borderColor><color value="#3D321F"/></borderColor></styleBlock></styleBlock><styleSelector><simpleSelector value="#97_13696309"/></styleSelector></styleDeclaration><styleDeclaration><styleBlock><styleBlock><borderColor><color value="#3D321F"/></borderColor></styleBlock></styleBlock><styleSelector><simpleSelector value="#98_13696309"/></styleSelector></styleDeclaration><styleDeclaration><styleBlock><styleBlock><borderColor><color value="#3D321F"/></borderColor></styleBlock></styleBlock><styleSelector><simpleSelector value="#99_13696309"/></styleSelector></styleDeclaration></array></styleDeclarations></documentStyle></documentStyle><path><array><flyToObject><target><ref value="1_13696309"/></target></flyToObject><flyToObject><target><ref value="2_13696309"/></target></flyToObject><flyToObject><target><ref value="5_13696309"/></target></flyToObject><flyToObject><target><ref value="6_13696309"/></target></flyToObject><flyToObject><target><ref value="7_13696309"/></target></flyToObject><flyToObject><target><ref value="8_13696309"/></target></flyToObject><flyToObject><target><ref value="3_13696309"/></target></flyToObject><flyToObject><target><ref value="1_13696309"/></target></flyToObject></array></path><zObjects><array><zGroup><id><string value="102_13696309"/></id><children><array><ref value="74_13696309"/><ref value="75_13696309"/><ref value="76_13696309"/><ref value="77_13696309"/><ref value="78_13696309"/><ref value="79_13696309"/><ref value="80_13696309"/><ref value="81_13696309"/><ref value="83_13696309"/><ref value="84_13696309"/><ref value="85_13696309"/><ref value="86_13696309"/><ref value="87_13696309"/><ref value="88_13696309"/><ref value="89_13696309"/><ref value="91_13696309"/><ref value="92_13696309"/><ref value="93_13696309"/><ref value="95_13696309"/><ref value="96_13696309"/><ref value="97_13696309"/><ref value="98_13696309"/><ref value="99_13696309"/><ref value="100_13696309"/><ref value="101_13696309"/></array></children><localToWorld><transform2D x="-9876.59064028437" y="4669.620232018693" scale="33.34444202974201" rotation="0"/></localToWorld></zGroup><zGroup><id><string value="128_13696309"/></id><children><array><ref value="103_13696309"/><ref value="104_13696309"/><ref value="105_13696309"/><ref value="106_13696309"/><ref value="108_13696309"/><ref value="109_13696309"/><ref value="111_13696309"/><ref value="112_13696309"/><ref value="113_13696309"/><ref value="114_13696309"/><ref value="115_13696309"/><ref value="116_13696309"/><ref value="117_13696309"/><ref value="118_13696309"/><ref value="120_13696309"/></array></children><localToWorld><transform2D x="9945.974327825512" y="-8327.12158585041" scale="31.337406894786962" rotation="0"/></localToWorld></zGroup><zRectangleFrame><id><string value="6_13696309"/></id><localToWorld><transform2D x="27112.845798944607" y="-426.2180171789364" scale="7.297035606596155" rotation="0"/></localToWorld><styleClasses><array><token value="roundrect"/></array></styleClasses><width><double value="1059.9640933572712"/></width><height><double value="600"/></height></zRectangleFrame><zInvisibleFrame><id><string value="1_13696309"/></id><localToWorld><transform2D x="727.7275128553409" y="-1159.1795164690527" scale="66.6215869562944" rotation="0"/></localToWorld><styleClasses><array><token value="invisible"/></array></styleClasses><width><double value="1064.2146596858638"/></width><height><double value="600"/></height></zInvisibleFrame><zRectangleFrame><id><string value="2_13696309"/></id><localToWorld><transform2D x="732.3168180528894" y="-1157.6906286439046" scale="11.410892968836404" rotation="0"/></localToWorld><styleClasses><array><token value="roundrect"/></array></styleClasses><width><double value="1059.9640933572712"/></width><height><double value="600"/></height></zRectangleFrame><zRectangleFrame><id><string value="3_13696309"/></id><localToWorld><transform2D x="-24951.890506787873" y="1085.559689827433" scale="7.297035606596155" rotation="0"/></localToWorld><styleClasses><array><token value="roundrect"/></array></styleClasses><width><double value="1059.9640933572712"/></width><height><double value="600"/></height></zRectangleFrame><zRectangleFrame><id><string value="5_13696309"/></id><localToWorld><transform2D x="16444.706308498742" y="-14117.562603166198" scale="7.297035606596155" rotation="0"/></localToWorld><styleClasses><array><token value="roundrect"/></array></styleClasses><width><double value="1059.9640933572712"/></width><height><double value="600"/></height></zRectangleFrame><zRectangleFrame><id><string value="7_13696309"/></id><localToWorld><transform2D x="10341.419365823589" y="13363.603957343346" scale="7.297035606596155" rotation="0"/></localToWorld><styleClasses><array><token value="roundrect"/></array></styleClasses><width><double value="1059.9640933572712"/></width><height><double value="600"/></height></zRectangleFrame><zRectangleFrame><id><string value="8_13696309"/></id><localToWorld><transform2D x="-15682.935729717808" y="13358.192492375205" scale="7.297035606596155" rotation="0"/></localToWorld><styleClasses><array><token value="roundrect"/></array></styleClasses><width><double value="1059.9640933572712"/></width><height><double value="600"/></height></zRectangleFrame><zText><id><string value="20_13696309"/></id><text><text><width>386.70678806999894</width><p align="center"><span><![CDATA[Project OverView]]></span></p></text></text><localToWorld><transform2D x="16444.636119405874" y="-15584.670571826917" scale="14.784136269996155" rotation="0"/></localToWorld><styleClasses><array><token value="subtitle"/></array></styleClasses></zText><zText><id><string value="22_13696309"/></id><text><text><width>579.7579419838723</width><p><span><![CDATA[Unity is a Open Source Game Engine that allows us to created games with C#, Its easy to deploy Unity across various platforms, and comes with various API that will become useful. ]]></span></p><p/><p><span><![CDATA[Most Importantly it’s free!!!]]></span></p><p/></text></text><localToWorld><transform2D x="27238.101301383056" y="80.90338034083362" scale="10.835204514026307" rotation="0"/></localToWorld><styleClasses><array><token value="body"/></array></styleClasses></zText><zText><id><string value="35_13696309"/></id><text><text><width>386.70678806999894</width><p align="center"><span><![CDATA[Overview]]></span></p></text></text><localToWorld><transform2D x="541.0084890545202" y="-3639.2936819097104" scale="23.142619261709175" rotation="0"/></localToWorld><styleClasses><array><token value="subtitle"/></array></styleClasses></zText><zSwfGraphics><id><string value="0_13696309"/></id><swfBoundsLeft><double value="-0.5"/></swfBoundsLeft><swfBoundsTop><double value="-0.5"/></swfBoundsTop><width><double value="1921"/></width><height><double value="1077"/></height><mask><rectangle x="0.7822057460612086" y="0.05078776645052585" w="1919.4355885078776" h="1077.848424467099"/></mask><localToWorld><transform2D x="3.850173672895281E-12" y="-1.910966395104504E-12" scale="68.88929383060487" rotation="0"/></localToWorld><onlineAssetId><string value="1022449977"/></onlineAssetId><onlineAssetUrl><string value="http://0103.static.prezi.com.s3.amazonaws.com/media/e/d/b/3ba85574ab0b6eefd4ff5b5349726f27a9585.swf"/></onlineAssetUrl><offlineAssetId><string value="1022449977"/></offlineAssetId><assetSourceFilename><string value="http://0103.static.prezi.com.s3.amazonaws.com/media/e/d/b/3ba85574ab0b6eefd4ff5b5349726f27a9585.swf"/></assetSourceFilename></zSwfGraphics><zText><id><string value="32_13696309"/></id><text><text><width>386.70678806999894</width><p align="center"><span><![CDATA[System Architecture]]></span></p></text></text><localToWorld><transform2D x="-24863.499999999996" y="-503.6499999999983" scale="14.784136269996155" rotation="0"/></localToWorld><styleClasses><array><token value="subtitle"/></array></styleClasses></zText><zText><id><string value="26_13696309"/></id><text><text><width>386.70678806999894</width><p align="center"><span><![CDATA[SystemDesign]]></span></p></text></text><localToWorld><transform2D x="10264.808072991289" y="11573.694802806198" scale="14.784136269996155" rotation="0"/></localToWorld><styleClasses><array><token value="subtitle"/></array></styleClasses></zText><zText><id><string value="12_13696309"/></id><text><text><width>604.1739009212359</width><p><span><![CDATA[3 Main components to the Project]]></span></p><p indent="1" listType="bullet"><span><![CDATA[Game Engine (Scripts, Scenes, Maze Generation Ect.)]]></span></p><p indent="1" listType="bullet"><span><![CDATA[MySQL DataBase(User Login, Scoring)]]></span></p><p indent="1" listType="bullet"><span><![CDATA[Network Manager(FourLeafInteractive.dll)]]></span></p><p/></text></text><localToWorld><transform2D x="16645.723847037167" y="-13969.219813767058" scale="8.63128551119328" rotation="0"/></localToWorld><styleClasses><array><token value="body"/></array></styleClasses></zText><zImage><id><string value="6"/></id><width><double value="1080"/></width><height><double value="720"/></height><localToWorld><transform2D x="3908.8187017337928" y="-1238.4525774333317" scale="4.553728070206251" rotation="0"/></localToWorld><onlineAssetId><string value="4866451280"/></onlineAssetId><onlineAssetUrl><string value="http://0103.static.prezi.com.s3.amazonaws.com/media/0/a/3/e54c254ae392c2a54dd657700221433a73e42.png"/></onlineAssetUrl><assetSourceFilename><string value="1337 Concepts3.png"/></assetSourceFilename></zImage><zText><id><string value="34_13696309"/></id><text><text><width>360.01624264637394</width><p indent="1" listType="bullet"><span><![CDATA[Project Overview]]></span></p><p indent="1" listType="bullet"><span><![CDATA[System Architecture]]></span></p><p indent="1" listType="bullet"><span><![CDATA[Host Client Model]]></span></p><p indent="1" listType="bullet"><span><![CDATA[Project Plan]]></span></p></text></text><localToWorld><transform2D x="-1032.9820600765165" y="-1368.9571113644847" scale="16.961086404470002" rotation="0"/></localToWorld><styleClasses><array><token value="body"/></array></styleClasses></zText><zCircle><id><string value="74_13696309"/></id><radius><double value="20"/></radius><localToWorld><transform2D x="-9497.619679577867" y="-1107.8155600135115" scale="7.032113280605033" rotation="0"/></localToWorld><styleClasses><array><token value="poly2"/></array></styleClasses></zCircle><zCircle><id><string value="75_13696309"/></id><radius><double value="20"/></radius><localToWorld><transform2D x="-8721.831311474401" y="-1107.9455295843127" scale="7.032113280605033" rotation="0"/></localToWorld><styleClasses><array><token value="poly2"/></array></styleClasses></zCircle><zCircle><id><string value="76_13696309"/></id><radius><double value="20"/></radius><localToWorld><transform2D x="-7972.946644526495" y="-1107.8155600135133" scale="7.032113280605033" rotation="0"/></localToWorld><styleClasses><array><token value="poly2"/></array></styleClasses></zCircle><zCircle><id><string value="77_13696309"/></id><radius><double value="20"/></radius><localToWorld><transform2D x="-7183.771410630672" y="-1107.9455295843127" scale="7.032113280605033" rotation="0"/></localToWorld><styleClasses><array><token value="poly2"/></array></styleClasses></zCircle><zCircle><id><string value="78_13696309"/></id><radius><double value="20"/></radius><localToWorld><transform2D x="-6438.135982952751" y="-1107.9455295843127" scale="7.032113280605033" rotation="0"/></localToWorld><styleClasses><array><token value="poly2"/></array></styleClasses></zCircle><zCircle><id><string value="79_13696309"/></id><radius><double value="20"/></radius><localToWorld><transform2D x="-10220.835356292833" y="-1107.8155600135133" scale="7.032113280605033" rotation="0"/></localToWorld><styleClasses><array><token value="poly2"/></array></styleClasses></zCircle><zCircle><id><string value="80_13696309"/></id><radius><double value="20"/></radius><localToWorld><transform2D x="-10958.77008690087" y="-1107.490636086517" scale="7.032113280605033" rotation="0"/></localToWorld><styleClasses><array><token value="poly2"/></array></styleClasses></zCircle><zCircle><id><string value="81_13696309"/></id><radius><double value="20"/></radius><localToWorld><transform2D x="-11678.411600418844" y="-1107.490636086517" scale="7.032113280605033" rotation="0"/></localToWorld><styleClasses><array><token value="poly2"/></array></styleClasses></zCircle><zCircle><id><string value="83_13696309"/></id><radius><double value="20"/></radius><localToWorld><transform2D x="-11684.08152294499" y="1142.0714339038668" scale="7.032113280605033" rotation="1.5707963267948966"/></localToWorld><styleClasses><array><token value="poly2"/></array></styleClasses></zCircle><zCircle><id><string value="84_13696309"/></id><radius><double value="20"/></radius><localToWorld><transform2D x="-11684.08152294499" y="1866.7817606830354" scale="7.032113280605033" rotation="1.5707963267948966"/></localToWorld><styleClasses><array><token value="poly2"/></array></styleClasses></zCircle><zCircle><id><string value="85_13696309"/></id><radius><double value="20"/></radius><localToWorld><transform2D x="-11684.08152294499" y="2658.1664772824543" scale="7.032113280605033" rotation="1.5707963267948966"/></localToWorld><styleClasses><array><token value="poly2"/></array></styleClasses></zCircle><zCircle><id><string value="86_13696309"/></id><radius><double value="20"/></radius><localToWorld><transform2D x="-11683.951553374189" y="3447.3417111782765" scale="7.032113280605033" rotation="1.5707963267948966"/></localToWorld><styleClasses><array><token value="poly2"/></array></styleClasses></zCircle><zCircle><id><string value="87_13696309"/></id><radius><double value="20"/></radius><localToWorld><transform2D x="-12452.201686371256" y="3447.3417111782765" scale="7.032113280605033" rotation="1.5707963267948966"/></localToWorld><styleClasses><array><token value="poly2"/></array></styleClasses></zCircle><zCircle><id><string value="88_13696309"/></id><radius><double value="20"/></radius><localToWorld><transform2D x="-11684.08152294499" y="410.2777655161153" scale="7.032113280605033" rotation="1.5707963267948966"/></localToWorld><styleClasses><array><token value="poly2"/></array></styleClasses></zCircle><zCircle><id><string value="89_13696309"/></id><radius><double value="20"/></radius><localToWorld><transform2D x="-11684.406446871988" y="-327.65696509192003" scale="7.032113280605033" rotation="1.5707963267948966"/></localToWorld><styleClasses><array><token value="poly2"/></array></styleClasses></zCircle><zCircle><id><string value="91_13696309"/></id><radius><double value="20"/></radius><localToWorld><transform2D x="-13276.6311663465" y="3466.1710527478845" scale="7.032113280605033" rotation="3.141592653589793"/></localToWorld><styleClasses><array><token value="poly2"/></array></styleClasses></zCircle><zCircle><id><string value="92_13696309"/></id><radius><double value="20"/></radius><localToWorld><transform2D x="-13297.75122160145" y="4227.46781370717" scale="7.032113280605033" rotation="1.5707963267948966"/></localToWorld><styleClasses><array><token value="poly2"/></array></styleClasses></zCircle><zCircle><id><string value="93_13696309"/></id><radius><double value="20"/></radius><localToWorld><transform2D x="-13297.75122160145" y="5018.852530306589" scale="7.032113280605033" rotation="1.5707963267948966"/></localToWorld><styleClasses><array><token value="poly2"/></array></styleClasses></zCircle><zCircle><id><string value="95_13696309"/></id><radius><double value="20"/></radius><localToWorld><transform2D x="-13309.050451162846" y="5892.353646356895" scale="7.032113280605033" rotation="0"/></localToWorld><styleClasses><array><token value="poly2"/></array></styleClasses></zCircle><zCircle><id><string value="96_13696309"/></id><radius><double value="20"/></radius><localToWorld><transform2D x="-13314.720373688984" y="8141.915716347277" scale="7.032113280605033" rotation="1.5707963267948966"/></localToWorld><styleClasses><array><token value="poly2"/></array></styleClasses></zCircle><zCircle><id><string value="97_13696309"/></id><radius><double value="20"/></radius><localToWorld><transform2D x="-13314.720373688984" y="8875.204034799228" scale="7.032113280605033" rotation="1.5707963267948966"/></localToWorld><styleClasses><array><token value="poly2"/></array></styleClasses></zCircle><zCircle><id><string value="98_13696309"/></id><radius><double value="20"/></radius><localToWorld><transform2D x="-13314.720373688984" y="9658.010759725872" scale="7.032113280605033" rotation="1.5707963267948966"/></localToWorld><styleClasses><array><token value="poly2"/></array></styleClasses></zCircle><zCircle><id><string value="99_13696309"/></id><radius><double value="20"/></radius><localToWorld><transform2D x="-13314.59040411819" y="10447.185993621699" scale="7.032113280605033" rotation="1.5707963267948966"/></localToWorld><styleClasses><array><token value="poly2"/></array></styleClasses></zCircle><zCircle><id><string value="100_13696309"/></id><radius><double value="20"/></radius><localToWorld><transform2D x="-13314.720373688984" y="7410.122047959527" scale="7.032113280605033" rotation="1.5707963267948966"/></localToWorld><styleClasses><array><token value="poly2"/></array></styleClasses></zCircle><zCircle><id><string value="101_13696309"/></id><radius><double value="20"/></radius><localToWorld><transform2D x="-13315.04529761599" y="6672.187317351491" scale="7.032113280605033" rotation="1.5707963267948966"/></localToWorld><styleClasses><array><token value="poly2"/></array></styleClasses></zCircle><zCircle><id><string value="103_13696309"/></id><radius><double value="20"/></radius><localToWorld><transform2D x="8792.933034279551" y="-5634.785680538114" scale="7.032113280605035" rotation="0"/></localToWorld><styleClasses><array><token value="poly2"/></array></styleClasses></zCircle><zCircle><id><string value="104_13696309"/></id><radius><double value="20"/></radius><localToWorld><transform2D x="9568.721402383017" y="-5634.915650108916" scale="7.032113280605035" rotation="0"/></localToWorld><styleClasses><array><token value="poly2"/></array></styleClasses></zCircle><zCircle><id><string value="105_13696309"/></id><radius><double value="20"/></radius><localToWorld><transform2D x="10317.606069330925" y="-5634.785680538114" scale="7.032113280605035" rotation="0"/></localToWorld><styleClasses><array><token value="poly2"/></array></styleClasses></zCircle><zCircle><id><string value="106_13696309"/></id><radius><double value="20"/></radius><localToWorld><transform2D x="11083.776689195201" y="-5634.785680538118" scale="7.032113280605035" rotation="0"/></localToWorld><styleClasses><array><token value="poly2"/></array></styleClasses></zCircle><zCircle><id><string value="108_13696309"/></id><radius><double value="20"/></radius><localToWorld><transform2D x="8069.717357564583" y="-5634.785680538114" scale="7.032113280605035" rotation="0"/></localToWorld><styleClasses><array><token value="poly2"/></array></styleClasses></zCircle><zCircle><id><string value="109_13696309"/></id><radius><double value="20"/></radius><localToWorld><transform2D x="7331.782626956556" y="-5634.460756611123" scale="7.032113280605035" rotation="0"/></localToWorld><styleClasses><array><token value="poly2"/></array></styleClasses></zCircle><zCircle><id><string value="111_13696309"/></id><radius><double value="20"/></radius><localToWorld><transform2D x="11086.48980398565" y="-8677.178378603074" scale="7.032113280605035" rotation="1.5707963267948966"/></localToWorld><styleClasses><array><token value="poly2"/></array></styleClasses></zCircle><zCircle><id><string value="112_13696309"/></id><radius><double value="20"/></radius><localToWorld><transform2D x="11086.619773556446" y="-7934.922159765941" scale="7.032113280605035" rotation="1.5707963267948966"/></localToWorld><styleClasses><array><token value="poly2"/></array></styleClasses></zCircle><zCircle><id><string value="113_13696309"/></id><radius><double value="20"/></radius><localToWorld><transform2D x="11086.48980398565" y="-7175.120048870851" scale="7.032113280605035" rotation="1.5707963267948966"/></localToWorld><styleClasses><array><token value="poly2"/></array></styleClasses></zCircle><zCircle><id><string value="114_13696309"/></id><radius><double value="20"/></radius><localToWorld><transform2D x="11086.74974312725" y="-6387.634419395422" scale="7.032113280605035" rotation="1.5707963267948966"/></localToWorld><styleClasses><array><token value="poly2"/></array></styleClasses></zCircle><zCircle><id><string value="115_13696309"/></id><radius><double value="20"/></radius><localToWorld><transform2D x="12560.166028694466" y="-10210.45377462174" scale="7.032113280605035" rotation="1.5707963267948966"/></localToWorld><styleClasses><array><token value="poly2"/></array></styleClasses></zCircle><zCircle><id><string value="116_13696309"/></id><radius><double value="20"/></radius><localToWorld><transform2D x="11086.619773556446" y="-9417.4200690928" scale="7.032113280605035" rotation="1.5707963267948966"/></localToWorld><styleClasses><array><token value="poly2"/></array></styleClasses></zCircle><zCircle><id><string value="117_13696309"/></id><radius><double value="20"/></radius><localToWorld><transform2D x="11088.081931227936" y="-10155.24107632639" scale="7.032113280605035" rotation="1.5707963267948966"/></localToWorld><styleClasses><array><token value="poly2"/></array></styleClasses></zCircle><zCircle><id><string value="118_13696309"/></id><radius><double value="20"/></radius><localToWorld><transform2D x="11825.155613429437" y="-10195.653489746923" scale="7.032113280605035" rotation="3.141592653589793"/></localToWorld><styleClasses><array><token value="poly2"/></array></styleClasses></zCircle><zCircle><id><string value="120_13696309"/></id><radius><double value="20"/></radius><localToWorld><transform2D x="12549.94717119035" y="-11019.782415089694" scale="7.032113280605035" rotation="1.5707963267948966"/></localToWorld><styleClasses><array><token value="poly2"/></array></styleClasses></zCircle><zImage><id><string value="7"/></id><width><double value="2000"/></width><height><double value="2000"/></height><localToWorld><transform2D x="-30800.318049763217" y="-16838.051080427347" scale="5.75538616982392" rotation="0"/></localToWorld><onlineAssetId><string value="4866455086"/></onlineAssetId><onlineAssetUrl><string value="http://0103.static.prezi.com.s3.amazonaws.com/media/3/f/3/d1b9cba556b0094aa396c28630f0675f711ba.png"/></onlineAssetUrl><assetSourceFilename><string value="flitrans.png"/></assetSourceFilename></zImage><zText><id><string value="0_30863873"/></id><text><text><width>464.58985526069785</width><p><span weight="bold" color="7326720"><![CDATA[1337 : A Multiplayer Unity FPS]]></span></p><p><span weight="bold" color="7326720"><![CDATA[Author : Karle Sleith G00324919]]></span></p><p><span weight="bold" color="7326720"><![CDATA[Supervisor: Patrick Mannion]]></span></p></text></text><localToWorld><transform2D x="-8705.264911215081" y="-16537.352803854257" scale="77.6213097287754" rotation="0"/></localToWorld><styleClasses><array><token value="title"/></array></styleClasses></zText><zImage><id><string value="0"/></id><width><double value="633"/></width><height><double value="230"/></height><localToWorld><transform2D x="29661.278881374532" y="-1806.3658259363228" scale="3.5616826604340535" rotation="0"/></localToWorld><onlineAssetId><string value="4866456234"/></onlineAssetId><onlineAssetUrl><string value="http://0103.static.prezi.com.s3.amazonaws.com/media/9/3/5/f1c52de01f752a13f7232d0c7b1dd11fef167.png"/></onlineAssetUrl><assetSourceFilename><string value="http://0103.static.prezi.com.s3.amazonaws.com/media/9/3/5/f1c52de01f752a13f7232d0c7b1dd11fef167.png"/></assetSourceFilename></zImage><zText><id><string value="23_13696309"/></id><text><text><width>386.70678806999894</width><p align="center"><span><![CDATA[Why Unity?]]></span></p></text></text><localToWorld><transform2D x="25217.002309518244" y="-1764.566798990215" scale="14.784136269996155" rotation="0"/></localToWorld><styleClasses><array><token value="subtitle"/></array></styleClasses></zText><zImage><id><string value="1"/></id><width><double value="1080"/></width><height><double value="720"/></height><localToWorld><transform2D x="10277.3941508356" y="13644.76703334512" scale="4.7518119996658825" rotation="0"/></localToWorld><onlineAssetId><string value="4866441862"/></onlineAssetId><onlineAssetUrl><string value="http://0103.static.prezi.com.s3.amazonaws.com/media/d/0/a/9b9043c270a51413c1747291d557395f75189.png"/></onlineAssetUrl><assetSourceFilename><string value="System Design.png"/></assetSourceFilename></zImage><zImage><id><string value="2"/></id><width><double value="1080"/></width><height><double value="720"/></height><localToWorld><transform2D x="-15682.716253356024" y="13358.135671069671" scale="4.756586173188605" rotation="0"/></localToWorld><onlineAssetId><string value="4866442939"/></onlineAssetId><onlineAssetUrl><string value="http://0103.static.prezi.com.s3.amazonaws.com/media/d/1/6/6cf6cd51c4d2d6f8453bfae7a791d91fcfd8c.png"/></onlineAssetUrl><assetSourceFilename><string value="ClientServer Model Unity.png"/></assetSourceFilename></zImage><zImage><id><string value="0_162081369"/></id><width><double value="923"/></width><height><double value="703"/></height><localToWorld><transform2D x="-24940.95" y="1370.3500000000001" scale="4.663614543644145" rotation="0"/></localToWorld><onlineAssetId><string value="4956923689"/></onlineAssetId><onlineAssetUrl><string value="http://0103.static.prezi.com.s3.amazonaws.com/media/d/d/7/6ed3e2471be32e85eaa99495cbd0a9aae6bf2.png"/></onlineAssetUrl><assetSourceFilename><string value="Archatecture.png"/></assetSourceFilename></zImage></array></zObjects></prezi>